,product_name,price,product_weight,nutritional_elements
0,Aw's Market Chicken Thigh,$4.50,200 G,{}
1,Aw's Market Chicken Thigh Cube (Boneless),$4.90,200 G,{}
2,"Zac Butchery Chicken Thigh Pack, Cajun-Marinated",$9.95,500 G,{}
3,Aw's Market Kampong Chicken Thigh Boneless Cube,$11.20,200 G,{}
4,"Zac Butchery Chicken Thigh Pack, Original",$9.85,500 G,{}
5,Kee Song Fresh Chicken - Boneless Breast,$5.60,300g,{}
6,Aw's Market Kampong Chicken Breast Fillet Cube,$10.80,300 G,{}
7,S Pure Fresh Boneless Chicken Breast,$8.80,400g,{}
8,Chicken Story Fresh Chicken Boneless Breast,$16.20,1 KG,{}
9,Hego Skinless Boneless Chicken Breast Chilled,$4.55,1 X 240G,{}
10,Seng Choon Eggs - Farm Fresh,$3.65,550g (10 per pack),"{""Attributes"": ""Per Serving"", ""Energy"": ""68kcal"", ""Trans Fat"": ""0g"", ""Protein"": ""6.3g"", ""Total Fat"": ""4.7g"", ""Saturated Fat"": ""1.6g"", ""Cholesterol"": ""159mg"", ""Carbohydrate"": ""0.3g"", ""Vitamin E"": ""1.2mg""}"
11,Chew's Fresh Eggs with Vitamin E,$3.65,600g (10 per pack),"{""Attributes"": ""Per Serving (50g)"", ""Energy"": ""70kcal"", ""Protein"": ""6.6g"", ""Total Fat"": ""4.2g"", ""Saturated Fat"": ""1.3g"", ""Trans Fat"": ""0g"", ""Cholesterol"": ""160mg"", ""Carbohydrate"": ""1.4g"", ""Sugars"": ""0g"", ""Dietary Fibre"": ""0g"", ""Sodium"": ""70mg"", ""Vitamin E"": ""2.1mg""}"
12,Pasar Fresh Eggs,$3.30,550g (10 per pack),{}
13,Dasoon Premium Fresh Eggs,$5.10,900g (15 per pack),"{""Attributes"": ""Per Serving (60g)"", ""Energy"": ""75kcal"", ""Protein"": ""7.7g"", ""Total Fat"": ""4.4g"", ""Saturated Fat"": ""1.3g"", ""Trans Fat"": ""0g"", ""Cholesterol"": ""122mg"", ""Carbohydrate"": ""70mg"", ""Sugars"": ""0g"", ""Dietary Fibre"": ""0g"", ""Calcium"": ""24mg""}"
14,Nature's Wonders Baked Nuts - Almonds,$5.80,200g,"{""Attributes"": ""Per Serving (30g)"", ""Energy"": ""150kcal"", ""Trans Fat"": ""0g"", ""Protein"": ""7.7g"", ""Total Fat"": ""16.7g"", ""Saturated Fat"": ""1.4g"", ""Cholesterol"": ""0mg"", ""Carbohydrate"": ""13g"", ""Sugars"": ""0.7g"", ""Dietary Fibre"": ""2.6g"", ""Sodium"": ""1mg""}"
15,FairPrice Baked Almonds,$10.65,400g,"{""Attributes"": ""Per Serving (30g)"", ""Energy"": ""212kcal"", ""Trans Fat"": ""0g"", ""Protein"": ""7.0g"", ""Total Fat"": ""16.4g"", ""Saturated Fat"": ""1.2g"", ""Cholesterol"": ""0mg"", ""Carbohydrate"": ""9.2g"", ""Sugars"": ""1.5g"", ""Dietary Fibre"": ""2.7g"", ""Sodium"": ""1mg""}"
16,Camel Natural Baked Almonds,$10.80,400g,"{""Attributes"": ""Per Serving (50g)"", ""Energy"": ""1208kJ"", ""Trans Fat"": ""0g"", ""Protein"": ""11.4g"", ""Total Fat"": ""23.2g"", ""Saturated Fat"": ""1.9g"", ""Cholesterol"": ""0mg"", ""Carbohydrate"": ""8.3g"", ""Sugars"": ""1.3g"", ""Dietary Fibre"": ""4.9g"", ""Sodium"": ""2.5mg""}"
17,Mikymist Fresh Paneer Cottage Cheese,$9.28,500 G,"{""Attributes"": ""Per Serving (100g)"", ""Sugars"": ""0.0g"", ""Fats"": ""22g"", ""Protein"": ""16.1g"", ""Calcium"": ""0.52g""}"
18,Mikymist Fresh Paneer Cottage Cheese,$3.93,200 G,"{""Attributes"": ""Per Serving (100g)"", ""Sugars"": ""0.0g"", ""Fats"": ""22g"", ""Protein"": ""16.1g"", ""Calcium"": ""0.52g""}"
19,Mummys Paneer Cubes Cottage cheese,$6.50,1 X 500G,"{""Attributes"": ""Per Serving (25g)"", ""Energy"": ""73kcal"", ""Protein"": ""3.4g"", ""Total Fat"": ""5.7g"", ""Saturated Fat"": ""3.5g"", ""Trans Fat"": ""2.2g"", ""Cholesterol"": ""15mg"", ""Carbohydrate"": ""1.9g"", ""Calcium"": ""120mg""}"
20,Mikymist Fresh Paneer Cottage Cheese,$16.65,1 KG,"{""Attributes"": ""Per Serving (100g)"", ""Sugars"": ""0.0g"", ""Fats"": ""22g"", ""Protein"": ""16.1g"", ""Calcium"": ""0.52g""}"
21,Mummys Paneer Cubes Cottage Cheese,$12.00,1kg,"{""Attributes"": ""Per Serving (25g)"", ""Energy"": ""73kcal"", ""Protein"": ""3.4g"", ""Total Fat"": ""5.7g"", ""Saturated Fat"": ""3.5g"", ""Trans Fat"": ""2.2g"", ""Cholesterol"": ""15mg"", ""Carbohydrate"": ""1.9g"", ""Calcium"": ""120mg""}"
22,Farmers Union Greek Style Yoghurt - Natural,$3.55,2 x 140g,"{""Attributes"": ""Per Serving (140g)"", ""Energy"": ""127cal"", ""Protein"": ""4.8g"", ""Total Fat"": ""9.7g"", ""Saturated Fat"": ""6.5g"", ""Monounsaturated Fat"": ""2.7g"", ""Polyunsaturated Fat"": ""0.3g"", ""Trans Fat"": ""0.5g"", ""Cholesterol"": ""31mg"", ""Carbohydrate"": ""5.2g"", ""Sugars"": ""5.2g"", ""Sodium"": ""57mg"", ""Calcium"": ""162mg""}"
23,Farmers Union Greek Style Yoghurt - Honey,$3.55,2 x 140g,"{""Attributes"": ""Per Serving (140g)"", ""Energy"": ""794kJ"", ""Protein"": ""6g"", ""Gluten"": ""0mg"", ""Total Fat"": ""12.2g"", ""Saturated Fat"": ""8.1g"", ""Monounsaturated Fat"": ""3.4g"", ""Polyunsaturated Fat"": ""0.3g"", ""Trans Fat"": ""0.6g"", ""Cholesterol"": ""38mg"", ""Carbohydrate"": ""14.1g"", ""Sugars"": ""13.6g"", ""Sodium"": ""74mg"", ""Calcium"": ""204mg""}"
24,Brownes Dairy Greek Yoghurt - Plain,$8.35,1kg,"{""Attributes"": ""Per Serving (170g)"", ""Energy"": ""199kcal"", ""Cabohydrate"": ""9.2g"", ""Protein"": ""10.9g"", ""Total Fat"": ""15.3g"", ""Saturated Fat"": ""10.2g"", ""Sugars"": ""4.3g"", ""Sodium"": ""68mg"", ""Calcium"": ""204mg""}"
25,Chobani Greek Yogurt - Plain,$16.35,907g,"{""Attributes"": ""Per Serving (100g)"", ""Energy"": ""240kJ"", ""Cabohydrate"": ""4.2g"", ""Protein"": ""9.7g"", ""Total Fat"": ""0.2g"", ""Saturated Fat"": ""0.1g"", ""Sugars"": ""3.3g"", ""Sodium"": ""32mg"", ""Calcium"": ""120mg""}"
26,Oatside Oat Milk - Barista Edition,$5.40,1L,"{""Attributes"": ""Per Serving (200ml)"", ""Energy"": ""134kcal"", ""Trans Fat"": ""0.2g"", ""Protein"": ""7g"", ""Total Fat"": ""7.2g"", ""Saturated Fat"": ""4.8g"", ""Carbohydrate"": ""10g"", ""Sodium"": ""70mg"", ""Calcium"": ""240mg""}"
27,Meiji Pasteurized Fresh Milk - 4.3 Deluxe,$3.60,946ml,"{""Attributes"": ""Per Serving (200ml)"", ""Energy"": ""144kcal"", ""Trans Fat"": ""0.2g"", ""Protein"": ""6.0g"", ""Total Fat"": ""9.0g"", ""Saturated Fat"": ""6.0g"", ""Carbohydrate"": ""9.8g"", ""Sodium"": ""92mg"", ""Calcium"": ""204mg""}"
28,Marigold 100% Fresh Bottle Milk,$6.30,2L,"{""Attributes"": ""Per Serving (200ml)"", ""Energy"": ""130kcal"", ""Trans Fat"": ""0.0g"", ""Protein"": ""1.2g"", ""Total Fat"": ""6.4g"", ""Saturated Fat"": ""0.6g"", ""Carbohydrate"": ""16.2g"", ""Sodium"": ""94mg"", ""Calcium"": ""196mg""}"
29,F&N Magnolia Fresh Milk,$3.60,946ml,"{""Attributes"": ""Per Serving (250ml)"", ""Energy"": ""178kcal"", ""Trans Fat"": ""0.0g"", ""Protein"": ""9.5g"", ""Total Fat"": ""10.0g"", ""Saturated Fat"": ""6.5g"", ""Carbohydrate"": ""12.5g"", ""Sodium"": ""118mg"", ""Calcium"": ""300mg""}"
30,Marigold HL Milk - Plain,$3.53,946ml,"{""Attributes"": ""Per Serving (200ml)"", ""Energy"": ""100kcal"", ""Protein"": ""10g"", ""Total Fat"": ""2g"", ""Saturated Fat"": ""1.4g"", ""Trans Fat"": ""0.06g"", ""Cholesterol"": ""8mg"", ""Carbohydrate"": ""10.6g"", ""Lactose"": ""2.4g"", ""Dietary Fibre"": ""0g"", ""Sodium"": ""152mg"", ""Calcium"": ""400mg"", ""Vitamin A"": ""375mcg"", ""Thiamine (Vitamin B1)"": ""1mg"", ""Pyridoxine (Vitamin B6)"": ""2mg"", ""Vitamin C"": ""30mg"", ""Vitamin D3"": ""2.5mcg"", ""Vitamin E"": ""6mg"", ""Vitamin K1"": ""27mcg"", ""Niacin"": ""11mg"", ""Pantothenic Acid"": ""7mg""}"
31,Uncle Saba's Poppadoms Lentil Chip - Sweet Chilli,$2.00,70g,"{""Attributes"": ""Per Serving ()"", ""Energy"": ""192kcal"", ""Sodium"": ""393.4mg"", ""Carbohydrate"": ""15.7g"", ""Sugars"": ""3.6g"", ""Protein"": ""4.3g"", ""Dietary Fibre"": ""2g"", ""Trans Fat"": ""0g"", ""Total Fat"": ""12.4g""}"
32,Ayam Brand Tuna Light Meal-Chickpeas-Lentils&Quinoa(MildlySpicy),$3.99,150g,"{""Attributes"": ""Per Serving (150g)"", ""Energy"": ""266kcal"", ""Sodium"": ""521.0mg"", ""Carbohydrate"": ""17.7g"", ""Sugars"": ""2.0g"", ""Protein"": ""16.5g"", ""Dietary Fibre"": ""4.5g"", ""Trans Fat"": ""0g"", ""Total Fat"": ""2.0g""}"
33,Uncle Saba's Poppadoms Lentil Chip - Tomato Ketchup,$2.00,70g,"{""Attributes"": ""Per Serving ()"", ""Energy"": ""193kcal"", ""Sodium"": ""454.5mg"", ""Carbohydrate"": ""14.8g"", ""Sugars"": ""0.005g"", ""Cholesterol"": ""0mg"", ""Protein"": ""4.3g"", ""Dietary Fibre"": ""1.8g"", ""Trans Fat"": ""0g"", ""Total Fat"": ""13g""}"
34,Uncle Saba's Poppadoms Lentil Chip - Korean BBQ,$2.00,70g,"{""Attributes"": ""Per Serving ()"", ""Energy"": ""190kcal"", ""Sodium"": ""530mg"", ""Carbohydrate"": ""15g"", ""Sugars"": ""1.5g"", ""Cholesterol"": ""0mg"", ""Protein"": ""4.5g"", ""Dietary Fibre"": ""2g"", ""Trans Fat"": ""0g"", ""Total Fat"": ""12.5g""}"
35,Superfarm Organic Tricolor Quinoa,$8.40,1 KG,"{""Attributes"": ""Per Serving ()"", ""Protein"": ""6.6g"", ""TotalFat"": ""3.3g"", ""Carbohydrate"": ""34.2g"", ""Energy"": ""192kcal""}"
36,Ayam Brand Tuna Light Meal-Chickpeas-Lentils&Quinoa(MildlySpicy),$3.99,150g,{}
37,Nature's Nutrition Organic Quinoa - Tricolour,$13.02,500g,"{""Attributes"": ""Per Serving (50g)"", ""Energy"": ""188.5kcal"", ""Water"": ""5.1g"", ""Proteins"": ""7.5g"", ""Total Fat"": ""2.9g"", ""Trans Fat"": ""0g"", ""Saturated Fat"": ""0g"", ""Carbohydrate"": ""33.6g"", ""Fibre"": ""2.8g"", ""Calcium"": ""60mg"", ""Phosphours"": ""82.5mg"", ""Vitamin B1"": ""0.1mg"", ""Vitamin B2"": ""0.1mg"", ""Vitamin B3"": ""0.7mg""}"
38,"Nestle Fitnesse Granola Oats - Quinoa, Almonds & Chocolate",$7.85,300g,{}
39,NAKED Organic Tricolour Quinoa,$7.90,400 g,{}
40,N.O.I Baked Crispy Seaweed - Pumpkin Seed (Original),$3.33,40g,{}
41,NAKED Organic Pumpkin Seeds,$6.90,200 g,{}
42,Nestle Fitnesse Granola Oats - Cranberry & Pumpkin Seed,$7.85,300g,"{""Attributes"": ""Per Serving (100g)"", ""Energy"": ""444kcal"", ""Total Fat"": ""10g"", ""Protein"": ""9g"", ""Carbohydrate"": ""83g"", ""of which Sugars"": ""20g"", ""Monounsaturated Fat"": ""5.1g"", ""Polyunsaturated Fat"": ""2.9g"", ""Saturated Fat"": ""1.4g"", ""Trans Fat"": ""0g"", ""Cholesterol"": ""1mg"", ""Dietary Fibre"": ""7g"", ""Sodium"": ""121mg"", ""Calcium"": ""338mg""}"
43,GardenScent Pumpkin Seeds,$6.00,250g,{}
44,Laobanniang Raw Pumpkin Seeds,$7.67,500 G,{}
45,FairPrice Roasted Peanuts,$1.25,150g,{}
46,FairPrice Peanuts - Seaweed,$1.41,140g,{}
47,Tong Garden Salted Nuts - Peanuts,$3.78,365g,"{""Attributes"": ""Per Serving (40g)"", ""Calories"": ""220cal"", ""Trans Fat"": ""0g"", ""Calories from Fat"": ""170cal"", ""Total Fat"": ""19g"", ""Saturated Fat"": ""4g"", ""Cholesterol"": ""0mg"", ""Sodium"": ""137mg"", ""Carbohydrate"": ""10g"", ""Dietary Fibre"": ""6g"", ""Sugars"": ""2g"", ""Protein"": ""9g"", ""Vitamin A"": ""0%"", ""Vitamin C"": ""0%"", ""Calcium"": ""2%"", ""Iron"": ""0%""}"
48,Camel Coated Peanuts - Cracker,$1.35,135g,"{""Attributes"": ""Per Serving (50g)"", ""Energy"": ""1157kJ"", ""Trans Fat"": ""0g"", ""Protein"": ""9.9g"", ""Total Fat"": ""20.3g"", ""Saturated Fat"": ""6.8g"", ""Cholesterol"": ""0mg"", ""Carbohydrate"": ""13.3g"", ""Sugars"": ""6.4g"", ""Dietary Fibre"": ""4.3g"", ""Sodium"": ""562.4mg""}"
49,Camel Shandong Groundnuts - Garlic,$1.10,120g,"{""Attributes"": ""Per Serving (65g)"", ""Energy"": ""368kcal"", ""Protein"": ""17.4g"", ""Total Fat"": ""28.2g"", ""Saturated Fat"": ""5g"", ""Trans Fat"": ""0g"", ""Cholesterol"": ""0mg"", ""Carbohydrate"": ""11.1g"", ""Dietary Fibre"": ""6.4g"", ""Sodium"": ""381mg""}"
50,FairPrice Peanut Butter - Creamy,$3.83,500g,"{""Attributes"": ""Per Serving"", ""Energy"": ""200kcal"", ""Protein"": ""7g"", ""Total Fat"": ""16.7g"", ""Saturated Fat"": ""4.8g"", ""Trans Fat"": ""0g"", ""Carbohydrate"": ""5.2g"", ""Sugar"": ""4.4g"", ""Sodium"": ""96mg""}"
51,FairPrice Peanut Butter - Chunky,$3.83,500g,"{""Attributes"": ""Per Serving"", ""Energy"": ""196kcal"", ""Protein"": ""7.3g"", ""Total Fat"": ""15.9g"", ""Saturated Fat"": ""4.2g"", ""Trans Fat"": ""0g"", ""Carbohydrate"": ""5.7g"", ""Sugar"": ""4.2g"", ""Dietary Fibre"": ""2g"", ""Sodium"": ""82mg""}"
,Adams 100% Natural Peanut Butter - Creamy,$7.35,454g,"{""Attributes"": ""Per Serving (32g)"", ""Energy"": ""200kcal"", ""Protein"": ""8.0g"", ""Total Fat"": ""16.0g"", ""Saturated Fat"": ""2.5g"", ""Trans Fat"": ""0g"", ""Carbohydrate"": ""6.0g"", ""Sugar"": ""1.0g"", ""Dietary Fibre"": ""2g"", ""Sodium"": ""105mg""}"
52,Mayver's All Natural Spread - Peanut Butter (Smooth),$7.97,375g,"{""Attributes"": ""Per Serving (20g)"", ""Energy"": ""486kj"", ""Protein"": ""5.0g"", ""Total Fat"": ""9.8g"", ""Saturated Fat"": ""1.3g"", ""Carbohydrate"": ""2.7g"", ""Dietary Fibre"": ""1.6g"", ""Sodium"": ""51mg"", ""Sugars"": ""0.8g""}"
53,Skippy Peanut Butter Spread - Creamy,$6.25,500g,"{""Attributes"": ""Per Serving (36g)"", ""Energy"": ""224kcal"", ""Protein"": ""8.6g"", ""Total Fat"": ""17.1g"", ""Saturated Fat"": ""3.6g"", ""Trans Fat"": ""0.04g"", ""Carbohydrate"": ""9.1g"", ""Dietary Fibre"": ""2.5g"", ""Sodium"": ""173mg""}"
54,Skippy Peanut Butter Spread - Chunky,$6.25,500g,"{""Attributes"": ""Per Serving (36g)"", ""Energy"": ""237kcal"", ""Protein"": ""8.9g"", ""Total Fat"": ""19.6g"", ""Saturated Fat"": ""4.3g"", ""Trans Fat"": ""0.05g"", ""Carbohydrate"": ""6.2g"", ""Dietary Fibre"": ""2.3g"", ""Sodium"": ""153mg""}"
55,Fortune Silken Egg Tofu - Extra Smooth with Omega 3 (Tube),$1.00,150g,"{""Attributes"": ""Per Serving (100g)"", ""Energy"": ""72kcal"", ""Protein"": ""7.7g"", ""Total Fat"": ""3.6g"", ""Saturated Fat"": ""0.9g"", ""Omega-3"": ""135.0mg"", ""Trans-Fat"": ""0.0g"", ""Cholesterol"": ""107mg"", ""Carbohydrate"": ""2.1g"", ""Total Sugar"": ""0.0g"", ""Dietary Fibre"": ""1.0g"", ""Sodium"": ""179mg""}"
56,Fortune Silken Tofu - Japanese,$0.95,300g,"{""Attributes"": ""Per Serving(100g)"", ""Energy"": ""58kcal"", ""Protein"": ""5.3g"", ""Total Fat"": ""2.8g"", ""Saturated Fat"": ""0.6g"", ""Trans Fat"": ""0.0g"", ""Cholesterol"": ""0mg"", ""Carbohydrate"": ""2.7g"", ""Total Sugar"": ""1.1g"", ""Dietary Fibre"": ""0.0g"", ""Sodium"": ""3mg"", ""Calcium"": ""107.2mg""}"
57,Fortune Silken Tofu - Extra Smooth (Box),$0.95,300g,"{""Attributes"": ""Per Serving (100g)"", ""Energy"": ""223kJ"", ""Trans Fat"": ""0g"", ""Protein"": ""5.2g"", ""Total Fat"": ""2.3g"", ""Saturated Fat"": ""1.3g"", ""Cholesterol"": ""0mg"", ""Carbohydrate"": ""3.1g"", ""Sugars"": ""1.2g"", ""Dietary Fibre"": ""0.6g"", ""Sodium"": ""3mg"", ""Calcium"": ""89.5mg""}"
58,Fortune Chinese Tofu - Omega 3 DHA,$0.95,300g,"{""Attributes"": ""Per Serving (100g)"", ""Energy"": ""231kJ"", ""Trans Fat"": ""0g"", ""Protein"": ""5.2g"", ""Total Fat"": ""2.6g"", ""Saturated Fat"": ""0.4g"", ""Cholesterol"": ""0mg"", ""Carbohydrate"": ""2.3g"", ""Sugars"": ""1.1g"", ""Dietary Fibre"": ""1g"", ""Sodium"": ""2mg"", ""Calcium"": ""68mg"", ""Omega 3"": ""202mg""}"
60,Auga Organic Chickpeas without Brine,$3.12,150 G,"{""Attributes"": ""Per Serving (100g)"", ""Energy"": ""158kcal"", ""Protein"": ""9.0g"", ""Carbohydrate"": ""20.0g"", ""Total Fat"": ""2.0g""}"
61,Rude Health Organic Chickpea & Lentil Crackers,$6.00,120 G,"{""Attributes"": ""Per Serving (100)"", ""Energy"": ""1642kj"", ""Fat"": ""1.6g"", ""Carbohydrate"": ""78.5g"", ""Protein"": ""13g"", ""Salt"": ""0.4g""}"
65,Captain Oats Oatmeal - Instant,$4.25,800g + free 100g,"{""Attributes"": ""Per Serving (40g)"", ""Energy"": ""159kcal"", ""Trans Fat"": ""0g"", ""Calories from Fat"": ""29kcal"", ""Total Fat"": ""3.2g"", ""Saturated Fat"": ""0.6g"", ""Cholesterol"": ""0mg"", ""Sodium"": ""8.2mg"", ""Carbohydrate"": ""27.8g"", ""Dietary Fibre"": ""6.2g"", ""Sugars"": ""1.4g"", ""Protein"": ""4.6g"", ""Calcium"": ""23.6mg"", ""Soluble Fibre"": ""0.8g"", ""Insoluble Fibre"": ""5.4g"", ""Magnesium"": ""34.1mg"", ""Zinc"": ""0.8mg"", ""Iron"": ""1.3mg"", ""Monounsaturated Fat"": ""1.5g"", ""Polyunsaturated Fat"": ""1.2g""}"
66,Quaker 100% Wholegrain Oatmeal - Quick Cook,$5.35,800g + free 100g,"{""Attributes"": ""Per Serving (35g)"", ""Energy"": ""129kcal"", ""Polyunsaturated Fat"": ""1.2g"", ""Protein"": ""4.3g"", ""Total Fat"": ""3g"", ""Saturated Fat"": ""0.6g"", ""Monounsaturated Fat"": ""1.2g"", ""Trans Fat"": ""0g"", ""Cholesterol"": ""0mg"", ""Carbohydrate"": ""22g"", ""Sugars"": ""0.4g"", ""Dietary Fibre"": ""3.5g"", ""Soluble Fibre"": ""1.5g"", ""Insoluble Fibre"": ""2g"", ""Iron"": ""1.6mg"", ""Magnesium"": ""36.4mg"", ""Sodium"": ""1mg"", ""Zinc"": ""0.9mg""}"
67,Quaker 100% Wholegrain Oatmeal Refill - Instant,$3.15,400g,"{""Attributes"": ""Per Serving (35g)"", ""Energy"": ""128.6kcal"", ""Monounsaturated Fat"": ""1.2g"", ""Protein"": ""5.3g"", ""Total Fat"": ""3.0g"", ""Saturated Fat"": ""0.6g"", ""Polyunsaturated Fat"": ""1.2g"", ""Trans Fatty Acid"": ""0g"", ""Cholesterol"": ""0mg"", ""Carbohydrate"": ""22g"", ""Dietary Fibre"": ""3.5g"", ""Soluble Fibre"": ""1.5g"", ""Insoluble Fibre"": ""2g"", ""Iron"": ""1.6mg"", ""Magnesium"": ""36.4mg"", ""Sodium"": ""1.3mg""}"
68,Kellogg's Crunchy Nut Oat Granola - Hazelnuts & Chocolate,$8.75,380g,"{""Attributes"": ""Per Serving (100g)"", ""Energy"": ""2076kJ"", ""Sugars"": ""21g"", ""Total Fat"": ""25g"", ""Saturated Fat"": ""12g"", ""Carbohydrate"": ""57g"", ""Dietary Fibre"": ""5.8g"", ""Protein"": ""8g"", ""Salt"": ""0.63g"", ""Thiamin (B1)"": ""0.62mg"", ""Riboflavin (B2)"": ""0.78mg"", ""Niacin"": ""9mg"", ""Vitamin B6"": ""0.78mg""}"
69,Origins Healthfood Organic Baby Oat,$4.89,500g,"{""Attributes"": ""Per Serving (100g)"", ""Energy"": ""500kcal"", ""Protein"": ""18g"", ""Total Fat"": ""32g"", ""Saturated Fat"": ""3.5g"", ""Trans Fat"": ""0g"", ""Cholesterol"": ""0mg"", ""Carbohydrate"": ""36g"", ""Dietary Fibre"": ""21g"", ""Sodium"": ""0mg""}"
70,Meiji Low Fat Milk - Regular,$3.20,830ml,"{""Attributes"": ""Per Serving (200ml)"", ""Energy"": ""86kcal"", ""Protein"": ""6.2g"", ""Total Fat"": ""2.4g"", ""Saturated Fat"": ""1.6g"", ""Trans Fat"": ""0.1g"", ""Cholesterol"": ""12mg"", ""Carbohydrate"": ""10.0g"", ""Total Sugar"": ""10.0g"", ""Dietary Fibre"": ""0.0g"", ""Sodium"": ""106mg"", ""Calcium"": ""202mg""}"
71,Farmhouse Milk - Low Fat,$3.70,946ml,"{""Attributes"": ""Per Serving (250ml)"", ""Energy"": ""123kcal"", ""Protein"": ""9.3g"", ""Total Fat"": ""3.3g"", ""Saturated Fat"": ""2.0g"", ""Carbohydrate"": ""14.3g"", ""Total Sugar"": ""11.8g"", ""Sodium"": ""110mg"", ""Calcium"": ""320mg""}"
72,FairPrice UHT Milk - Low Fat,$2.05,1L,"{""Attributes"": ""Per Serving (250ml)"", ""Energy"": ""115kcal"", ""Protein"": ""8.5g"", ""Total Fat"": ""3.3g"", ""Saturated Fat"": ""2.3g"", ""Trans Fat"": ""0.3g"", ""Cholesterol"": ""15mg"", ""Carbohydrate"": ""13.0g"", ""Total Sugar"": ""13.0g"", ""Dietary Fibre"": ""0.0g"", ""Sodium"": ""100mg"", ""Calcium"": ""300mg""}"
73,Greenfields Fresh Milk - Low Fat,$5.60,1.89L,"{""Attributes"": ""Per Serving (236ml)"", ""Energy"": ""98kcal"", ""Total Fat"": ""2.7g"", ""Saturated Fat"": ""1.5g"", ""Trans Fat"": ""0g"", ""Cholesterol"": ""8.1g"", ""Protein"": ""7.1g"", ""Carbohydrate"": ""11.1g"", ""Dietary Fibre"": ""0g"", ""Sugars"": ""11.1g"", ""Sucrose"": ""0g"", ""Lactose"": ""11.1g"", ""Sodium"": ""79.7g"", ""Potassium"": ""300.7mg"", ""Phosphorus"": ""213.2mg"", ""Vitamin B2"": ""0.4mg"", ""Calcium"": ""275.6mg"", ""Magnesium"": ""26.8mg"", ""Zinc"": ""0.9mg""}"
74,F&N Magnolia Low Fat Hi-Cal Milk - Fresh,$3.60,946ml,"{""Attributes"": ""Per Serving (250ml)"", ""Energy"": ""120kcal"", ""Total Fat"": ""3.8g"", ""Saturated Fat"": ""2.3g"", ""Trans Fat"": ""0.1g"", ""Cholesterol"": ""13mg"", ""Protein"": ""9.3g"", ""Carbohydrate"": ""12.5g"", ""Dietary Fibre"": ""0g"", ""Sugars"": ""11.8g"", ""Lactose"": ""11.8g"", ""Sodium"": ""123mg"", ""Calcium"": ""500.0mg""}"
75,Coles Protein Bars - Caramel Fudge,$5.95,190g,"{""Attributes"": ""Per Serving (38g)"", ""Energy"": ""188kcal"", ""Trans Fat"": ""0.0g"", ""Protein"": ""10.1g"", ""Total Fat"": ""10.9g"", ""Saturated Fat"": ""3.0g"", ""Carbohydrate"": ""11.2g"", ""Sugars"": ""6.4g"", ""Dietary Fibre"": ""2.3g"", ""Sodium"": ""115mg""}"
76,IQBar Keto Plant Protein Bar - Chocolate Sea Salt,$5.50,45 G,"{""Attributes"": ""Per Serving (45g)"", ""Energy"": ""180kcal"", ""Trans Fat"": ""0.0g"", ""Protein"": ""12.0g"", ""Total Fat"": ""14.0g"", ""Saturated Fat"": ""3.0g"", ""Carbohydrate"": ""11.0g"", ""Sugars"": ""1.0g"", ""Sodium"": ""140mg""}"
77,Nature's Valley Chewy Protein Bars - Peanut and Chocolate,$7.50,4 x 40g,"{""Attributes"": ""Per Serving (40g)"", ""Energy"": ""201kcal"", ""Trans Fat"": ""0.0g"", ""Protein"": ""10.0g"", ""Total Fat"": ""12.0g"", ""Saturated Fat"": ""3.4g"", ""Carbohydrate"": ""16.0g"", ""Sugars"": ""6.5g"", ""Sodium"": ""144mg""}"
80,FairPrice Rolled Oats,$4.75,1kg,"{""Attributes"": ""Per Serving (100g)"", ""Energy"": ""388kcal"", ""Trans Fat"": ""0.0g"", ""Protein"": ""14.5g"", ""Total Fat"": ""7.7g"", ""Saturated Fat"": ""1.2g"", ""Cholesterol"": ""0mg"", ""Carbohydrate"": ""60.4g"", ""Sugars"": ""0.8g"", ""Dietary Fibre"": ""8.5g"", ""Sodium"": ""2mg""}"
81,Captain Oats Oatmeal - Instant,$4.25,800g + free 100g,"{""Attributes"": ""Per Serving (40g)"", ""Energy"": ""159kcal"", ""Trans Fat"": ""0g"", ""Calories from Fat"": ""29kcal"", ""Total Fat"": ""3.2g"", ""Saturated Fat"": ""0.6g"", ""Cholesterol"": ""0mg"", ""Sodium"": ""8.2mg"", ""Carbohydrate"": ""27.8g"", ""Dietary Fibre"": ""6.2g"", ""Sugars"": ""1.4g"", ""Protein"": ""4.6g"", ""Calcium"": ""23.6mg"", ""Soluble Fibre"": ""0.8g"", ""Insoluble Fibre"": ""5.4g"", ""Magnesium"": ""34.1mg"", ""Zinc"": ""0.8mg"", ""Iron"": ""1.3mg"", ""Monounsaturated Fat"": ""1.5g"", ""Polyunsaturated Fat"": ""1.2g""}"
82,Cowhead Organic Rolled Oats - Instant,$3.99,500g,"{""Attributes"": ""Per Serving (50g)"", ""Energy"": ""171kcal"", ""Trans Fat"": ""0g"", ""Protein"": ""6.4g"", ""Total Fat"": ""3.1g"", ""Saturated Fat"": ""0.7g"", ""Cholesterol"": ""0mg"", ""Carbohydrate"": ""29.4g"", ""Beta Glucan"": ""1.5g"", ""Sugars"": ""3.1g"", ""Dietary Fibre"": ""4.9g"", ""Sodium"": ""1.6mg""}"
83,Harvest Fields Rolled Oats - Whole Grain,$5.15,1kg,"{""Attributes"": ""Per Serving (35g)"", ""Energy"": ""133kcal"", ""Protein"": ""4.6g"", ""Total Fat"": ""2.8g"", ""Saturated Fat"": ""0.6g"", ""Trans Fat"": ""0.1g"", ""Cholesterol"": ""0mg"", ""Carbohydrate"": ""20.3g"", ""Sugars"": ""0.4g"", ""Dietary Fibre"": ""4.1g"", ""Sodium"": ""1mg""}"
84,Uncle Saba's Poppadoms Lentil Chip - Original,$2.53,70g,"{""Attributes"": ""Per Serving (35g)"", ""Energy"": ""183kcal"", ""Sodium"": ""414.5mg"", ""Carbohydrate"": ""14.4g"", ""Sugars"": ""0.6g"", ""Protein"": ""4.8g"", ""Dietary Fibre"": ""2.3g"", ""Trans Fat"": ""0g"", ""Total Fat"": ""13.4g""}"
85,Quest Nutrition Protein Bar Double Chocolate Chunk,$68.34,720g,"{""Attributes"": ""Per Serving (60g)"", ""Energy"": ""180kcal"", ""Protein"": ""20.0g"", ""Total Fat"": ""8.0g"", ""Carbohydrate"": ""23g"", ""Sugars"": ""0.5g"", ""Dietary Fibre"": ""13g"", ""Calcium"": ""150mg""}"
86,Quest Nutrition Protein Bar Caramel Pecan Hero,$77.03,720g,"{""Attributes"": ""Per Serving (60g)"", ""Energy"": ""170kcal"", ""Protein"": ""15.0g"", ""Total Fat"": ""9.0g"", ""Carbohydrate"": ""29g"", ""Sugars"": ""1.0g"", ""Dietary Fibre"": ""11g"", ""Calcium"": ""200mg""}"
87,Carman's Protein Bar - Cookies & Cream,$8.80,200g,"{""Attributes"": ""Per Serving (40g)"", ""Energy"": ""191kcal"", ""Protein"": ""10.4g"", ""Total Fat"": ""10.3g"", ""Carbohydrate"": ""12.1g"", ""Sugars"": ""6.9g"", ""Dietary Fibre"": ""3.6g"", ""Sodium"": ""96mg""}"
88,Marigold HL Bottle Milk - Plain,$6.91,2000ml,"{""Attributes"": ""Per Serving (200ml)"", ""Energy"": ""100kcal"", ""Protein"": ""10.0g"", ""Total Fat"": ""2.0g"", ""Saturated Fat"": ""1.4g"", ""Trans Fat"": ""0.06g"", ""Cholesterol"": ""8mg"", ""Carbohydrate"": ""10.6g"", ""Total Sugar"": ""13.0g"", ""Dietary Fibre"": ""0.0g"", ""Sodium"": ""152mg"", ""Calcium"": ""400mg"", ""Lactose"": ""2.4g""}"
